{
	"formatVersion": 1,
	"appVersion": "0.44.9",
	"files": [
		{
			"isClone": false,
			"noteId": "4pFWAC2dZ8fV",
			"notePath": [
				"4pFWAC2dZ8fV"
			],
			"title": "Principles of Symbolic Execution",
			"notePosition": 0,
			"prefix": null,
			"isExpanded": 0,
			"type": "text",
			"mime": "text/html",
			"attributes": [
				{
					"type": "relation",
					"name": "imageLink",
					"value": "eVmfd3VbCbHu",
					"isInheritable": false,
					"position": 1
				},
				{
					"type": "relation",
					"name": "imageLink",
					"value": "oYzMSZMELkLJ",
					"isInheritable": false,
					"position": 3
				}
			],
			"format": "markdown",
			"dataFileName": "Principles of Symbolic Execution.md",
			"dirFileName": "Principles of Symbolic Execution",
			"children": [
				{
					"isClone": false,
					"noteId": "eVmfd3VbCbHu",
					"notePath": [
						"4pFWAC2dZ8fV",
						"eVmfd3VbCbHu"
					],
					"title": "image.png",
					"notePosition": 0,
					"prefix": null,
					"isExpanded": 0,
					"type": "image",
					"mime": "image/png",
					"attributes": [
						{
							"type": "label",
							"name": "originalFileName",
							"value": "image.png",
							"isInheritable": false,
							"position": 1
						}
					],
					"dataFileName": "image.png"
				},
				{
					"isClone": false,
					"noteId": "oYzMSZMELkLJ",
					"notePath": [
						"4pFWAC2dZ8fV",
						"oYzMSZMELkLJ"
					],
					"title": "image.png",
					"notePosition": 10,
					"prefix": null,
					"isExpanded": 0,
					"type": "image",
					"mime": "image/jpg",
					"attributes": [
						{
							"type": "label",
							"name": "originalFileName",
							"value": "image.png",
							"isInheritable": false,
							"position": 1
						}
					],
					"dataFileName": "1_image.png"
				}
			]
		}
	]
}